id;created_at;text;tag;reply_id;quote_id;player
1596955489820348416;Sun Nov 27 19:53:53 +0000 2022;Que hacen Eric Garc√≠a, Ferran Torres y Pedri?;L;;1.5969466076095037e+18;3
1596972757811884032;Sun Nov 27 21:02:30 +0000 2022;Ferr√°n Torres Eric Garc√≠a Luis Enrique...;N;;1.5966605403648983e+18;3
1596972777638047744;Sun Nov 27 21:02:35 +0000 2022;"@As_TomasRoncero @JordiAlba @AlvaroMorata Porky 
Vaya partidazo m√°s nefasto se ha marcado tu protegido Carvajal. Si ese partido lo hace Eric Garc√≠a ya le has metido palos hasta en en el cielo de la boca. Valiente bocazas y payasete estas hecho, mequetrefe. https://t.co/MQHSqAmSN4";N;1.5969627718199542e+18;;3
1596972789092978688;Sun Nov 27 21:02:37 +0000 2022;"@abrahamronald22 Bueno pero me sorprende porque t√∫ pones el resultado por delante.

Aj√° y, quien gan√≥ y hoy Alemania ni existio, empataron por una estupidez de laporte c√≥mo siempre, se la viven criticando a eric Garc√≠a y lo de laporte es ya costumbre.";L;1.5969720153861857e+18;;3
1596951917321940997;Sun Nov 27 19:39:41 +0000 2022;culpa de Eric Garc√≠a;N;;;3
1596951978999189506;Sun Nov 27 19:39:56 +0000 2022;Espa√±a defiende mal con Eric Garc√≠a o sin Eric Garc√≠a jajaja;L;;;3
1596941044696088576;Sun Nov 27 18:56:29 +0000 2022;Por lo menos Luis Enrique se ha dado cuenta de lo paquete que es Eric Garc√≠a. A ver si para la pr√≥xima convocatoria no lo convoca ni para llevar el agua;N;;;3
1596941133304643585;Sun Nov 27 18:56:50 +0000 2022;Yo quer√≠a que hoy juegue Eric Garc√≠a üòû;P;;;3
1596976260127010816;Sun Nov 27 21:16:25 +0000 2022;Si el drama que ha hecho Carvajal le da por hacerlo a que se yo, ponte que se llama Eric Garc√≠a, le est√°n lloviendo yunques hasta que vuelvan direcci√≥n Espa√±a.;L;;;3
1596976295816355841;Sun Nov 27 21:16:33 +0000 2022;@espuma_blanca Acompa√±ando a Eric Garc√≠a est√°...;L;1.5969315575873085e+18;;3
1596976353915854848;Sun Nov 27 21:16:47 +0000 2022;"Hasta Luis Enrique se ha dado cuenta que en los partidos importantes contra delanteros fuertes, Eric Garc√≠a no sirve. Pero bueno, a√∫n tendremos que seguir leyendo al del ""arte de defender"" sacar sus 200 virtudes como defensa.";N;;;3
1596971326161686528;Sun Nov 27 20:56:49 +0000 2022;Se equivoca hoy Lucho con los cambios y con mantener a Rodri de central. Eric Garc√≠a tiene que jugar ya. Menos mal que escapamos... #ESP #Qatar2022;P;;;3
1596971349574311936;Sun Nov 27 20:56:54 +0000 2022;@agustinferrin14 @Rafatotafalin @FAN07S @juanma_rguez Eric Garc√≠a fue titular cuando Kounde y Araujo estaba en plena forma, no se de que hablas, ahora ha tenido problemas, pero nacho, nacho tiene dos pies izquierdos para sacar la pelota jugada como lo hace est√° Espa√±a.;P;1.5969593435423007e+18;;3
1596971379651653632;Sun Nov 27 20:57:01 +0000 2022;Eric Garc√≠a y Ansu Fati han ido a conocer catar.;L;;;3
1596967428843798528;Sun Nov 27 20:41:19 +0000 2022;El partido de Laporte y Rodri est√° siendo para echar de menos a Eric Garc√≠a.;P;;;3
1596963756927782912;Sun Nov 27 20:26:44 +0000 2022;@MariaJamardoC Pau Torres...es muy blando...ha tenido q recurrir a un medio para no ponerlo a el ni a Eric Garc√≠a...;N;1.596961552191873e+18;;3
1596969685698105345;Sun Nov 27 20:50:17 +0000 2022;Alguien me explica porque eric Garc√≠a volvi√≥ a ser banca de un mediocampista ?ü´£;N;;;3
1596973227019972608;Sun Nov 27 21:04:22 +0000 2022;Lo mejor que pudo hacer Luis Enrique fue banquear al nulo de Eric Garc√≠a y poner a Rodri de central para este mundial. Madre m√≠a lo que defiende ese tipo.;N;;;3
1596952381430071296;Sun Nov 27 19:41:32 +0000 2022;Podr√≠a ser peor, podr√≠a estar Eric Garc√≠a.;N;;;3
1596952397804630016;Sun Nov 27 19:41:36 +0000 2022;@migquintana culpa de Eric Garc√≠a;N;1.596952143629783e+18;;3
1596968443152330752;Sun Nov 27 20:45:21 +0000 2022;@7hxgo Pues imagina Eric Garc√≠a;N;1.5969682352318956e+18;;3
1596968456028422144;Sun Nov 27 20:45:24 +0000 2022;Rodri siempre fue espantoso, pero que juegue √©l de central habla peor de Eric Garc√≠a y Pau Torres que al ser marcadores centrales por naturaleza no pueden imponerse ante un tipo que no juega de lo mismo.;N;;;3
1596968476337647616;Sun Nov 27 20:45:29 +0000 2022;"[27/11 21:43] Xtreme: Rodri fallando un mont√≥n y regalando balones
[27/11 21:44] Nelson: Mejor que Eric Garc√≠a
[27/11 21:44] El Que Te La Iso: Eso no se duda
[27/11 21:44] Xtreme: Eso seguro";N;;;3
1596947674942476289;Sun Nov 27 19:22:50 +0000 2022;Eric Garc√≠a;L;;1.5966605403648983e+18;3
1596965505990287360;Sun Nov 27 20:33:41 +0000 2022;"Eric Garc√≠a &gt; Rodri";L;;;3
1596967098890452993;Sun Nov 27 20:40:01 +0000 2022;"üìñüî•
#Biblia #Jesus #RicardoClaurePe√±aloza #SinfoniasCelestiales #Profecias #35a√±osdeHistoria #SalvarElAlmaHastaDelUltimoHombre  @RicardoClaureP #RunBTS Spain Espa√±a Pedri y Gavi taekook #GERESP Witsel INDIGO IS COMING Lukaku Eric Garc√≠a";L;;1.4212594364762235e+18;3
1596956141149638656;Sun Nov 27 19:56:28 +0000 2022;Eric Garc√≠a en la segunda parte. https://t.co/Fl3hp5deBv;L;;;3
1596956180705730560;Sun Nov 27 19:56:38 +0000 2022;Eric Garc√≠a √©lite en salida de bal√≥n? ü§£ü§£ü§£ü§£ü§£ü§£ü§£ü§£ü§£ü§£ü§£ü§£ü§£ü§£ü§£ü§£ü§£ü§£ü§£ü§£ü§£ü§£ü§£ü§£ü§£ü§£;N;;1.5969322097218888e+18;3
1596959343542300672;Sun Nov 27 20:09:12 +0000 2022;@Rafatotafalin @FAN07S @juanma_rguez Eric Garc√≠a es suplente de suplentes. Al igual q Ferran.;N;1.5969568508720046e+18;;3
1596971179415261186;Sun Nov 27 20:56:14 +0000 2022;Entre Koke y Eric Garc√≠a, no sabr√≠a con qui√©n quedarme. C√≥mo pueden esos t√≠os jugar a este nivel.;N;;;3
1596959604621332480;Sun Nov 27 20:10:14 +0000 2022;@joanpero8 Pau Torres por Dior, que con Eric Garc√≠a perdemos fijo.;N;1.5969594583404134e+18;;3
1596956277225029632;Sun Nov 27 19:57:01 +0000 2022;@Ant7cule Entonces no has visto a Eric Garc√≠a o Ferran torres üòÇ;N;1.5968711618285076e+18;;3
1596956363527434240;Sun Nov 27 19:57:21 +0000 2022;Hay que quitar a Busquets con urgencia porque est√° fundido y lo m√°s normal es que lo expulsen. Hay que adelantar a Rodri al mediocentro y meter a Eric Garc√≠a de pareja de Laporte. Y en el 60', cambiar arriba a los tres por Ansu, Nico Williams y Morata #Qatar2022 #Espa√±aAlemania;P;;;3
1596952530759561216;Sun Nov 27 19:42:07 +0000 2022;La defensita de Espa√±a ten√≠a pinta de lo que ten√≠a y se corrobora con un equipo serio. As√≠ es muy dif√≠cil y estos son los buenos, que en el banquillo est√° s√∫per Eric Garc√≠a de suplente;N;;;3
1596972514798096387;Sun Nov 27 21:01:32 +0000 2022;habr√° que sacar a Eric Garc√≠a contra Jap√≥n;L;;;3
1596969476347809793;Sun Nov 27 20:49:28 +0000 2022;"C√°nticos que dan gloria al justo 
#Biblia #Jesus #RicardoClaurePe√±aloza #SinfoniasCelestiales #Profecias #35a√±osdeHistoria #SalvarElAlmaHastaDelUltimoHombre  @RicardoClaureP #RunBTS Spain Espa√±a Pedri y Gavi taekook #GERESP Witsel INDIGO IS COMING Lukaku Eric Garc√≠a";L;;1.4212594364762235e+18;3
1596969635882373120;Sun Nov 27 20:50:06 +0000 2022;"Escuchalo

#Biblia #Jesus #RicardoClaurePe√±aloza #SinfoniasCelestiales #Profecias #35a√±osdeHistoria #SalvarElAlmaHastaDelUltimoHombre  @RicardoClaureP #RunBTS Spain Espa√±a Pedri y Gavi taekook #GERESP Witsel INDIGO IS COMING Lukaku Eric Garc√≠a";L;;1.4212594364762235e+18;3
1596979037309526016;Sun Nov 27 21:27:27 +0000 2022;Suerte que no le metieron a Eric Garc√≠a;N;;;3
1596979046302494720;Sun Nov 27 21:27:29 +0000 2022;Todo esto est√° muy bien, pero que Eric Garc√≠a no tiene nivel para jugar de central en la selecci√≥n es la base de todo lo dem√°s....;N;;1.596931674176385e+18;3
1596979089709355008;Sun Nov 27 21:27:40 +0000 2022;rodri es peor q Eric Garc√≠a en defensa hrmno;P;;;3
1596967397046775808;Sun Nov 27 20:41:12 +0000 2022;"Cuando naces del Esp√≠ritu 
#Biblia #Jesus #RicardoClaurePe√±aloza #SinfoniasCelestiales #Profecias #35a√±osdeHistoria #SalvarElAlmaHastaDelUltimoHombre  @RicardoClaureP #RunBTS Spain Espa√±a Pedri y Gavi taekook #GERESP Witsel INDIGO IS COMING Lukaku Eric Garc√≠a";L;;1.5969221582020035e+18;3
1596965135632826370;Sun Nov 27 20:32:13 +0000 2022;"Melod√≠aüéπüé∏üôáPara ExaltarAlQui√©nVivePorSiempre

#Biblia #Jesus #RicardoClaurePe√±aloza #SinfoniasCelestiales #Profecias #35a√±osdeHistoria #SalvarElAlmaHastaDelUltimoHombre  @RicardoClaureP #RunBTS Spain Espa√±a Pedri y Gavi taekook #GERESP Witsel INDIGO IS COMING Lukaku Eric Garc√≠a";L;;1.4212594364762235e+18;3
1596976201079214080;Sun Nov 27 21:16:11 +0000 2022;@Mr_Jyx Est√°s emperrao con Eric Garc√≠a cuando es titular en el equipo l√≠der menos goleado de su liga;P;1.5969745578771333e+18;;3
1596940910612582401;Sun Nov 27 18:55:57 +0000 2022;Luis Enrique se ha llevado a Eric Garc√≠a para no dar el brazo a torcer. Hasta el sabe q es mal√≠simo. Est√° metiendo a jugar a Busquets de central tu;N;;;3
1596975406435168256;Sun Nov 27 21:13:01 +0000 2022;@FutbolTotalCF A mi me preocupa como salga araujo de la lesi√≥n, si sale bien , con kounde y christensen como centrales top me parece genial, el problema es como tenga que jugar eric Garc√≠a, yo la temporada que viene me ir√≠a sin pensarlo a por gvardiol en vez de i√±igo martinez;N;1.5968781205646868e+18;;3
1596952003980115968;Sun Nov 27 19:40:02 +0000 2022;Esa marca era de Eric Garc√≠a;L;;;3
1596952115901239297;Sun Nov 27 19:40:29 +0000 2022;fuera de juego pero la bromita de eric garc√≠a casi nos sale cara que cagate;L;;;3
1596959987452215297;Sun Nov 27 20:11:45 +0000 2022;"@achoqagoniasss unai simon salchich√≥n 
eric garc√≠a come sopa fr√≠a";N;1.5969588644189594e+18;;3
1596944435597955072;Sun Nov 27 19:09:57 +0000 2022;@diegohv87 Seg√∫n la prensa espa√±ola, la poca fiabilidad mostrada por Pau Torres y Eric Garc√≠a ha llevado a Luis Enrique a probar con Rodri y asentarlo como central derecho.;N;1.5969418871766098e+18;;3
1596969882888720384;Sun Nov 27 20:51:05 +0000 2022;"Hermosa simfonia celestial para sus vidas am√©n 
#Biblia #Jesus #RicardoClaurePe√±aloza #SinfoniasCelestiales #Profecias #35a√±osdeHistoria #SalvarElAlmaHastaDelUltimoHombre  @RicardoClaureP #RunBTS Spain Espa√±a Pedri y Gavi taekook #GERESP Witsel INDIGO IS COMING Lukaku Eric Garc√≠a";L;;1.4212594364762235e+18;3
1596972143228911616;Sun Nov 27 21:00:03 +0000 2022;"Como lo de los centrales. Llevarse a Eric Garc√≠a para acabar poniendo a Rodri de central porque sabes que cualquiera es mejor que ese tipo.
Y as√≠, de paso, no quitas a Busquets porque debe ser que tiene buena conversaci√≥n o cuenta buenos chistes.";N;1.596971807252263e+18;;3
1596973604272758784;Sun Nov 27 21:05:52 +0000 2022;"Somos testigos de Jes√∫s 

#Biblia #Jesus #RicardoClaurePe√±aloza #SinfoniasCelestiales #Profecias #35a√±osdeHistoria #SalvarElAlmaHastaDelUltimoHombre  @RicardoClaureP #RunBTS Spain Espa√±a Pedri y Gavi taekook #GERESP Witsel INDIGO IS COMING Lukaku Eric Garc√≠a";L;;1.287103242887889e+18;3
1596952538045353986;Sun Nov 27 19:42:09 +0000 2022;"Propongo una locura:

RELEASE THE ERIC GARC√çA https://t.co/J2Ypc5VRvM";L;;;3
1596952587378380801;Sun Nov 27 19:42:21 +0000 2022;Habl√°is de Eric Garc√≠a, pero anda que Carvajal‚Ä¶;P;;;3
1596952596329410560;Sun Nov 27 19:42:23 +0000 2022;Sergio Ramos te gana una final solo. Laporte no. Ni Rodri. Mucho menos Eric Garc√≠a desde el banquillo.;N;;;3
1596971786247471104;Sun Nov 27 20:58:38 +0000 2022;"Mensaje de salvaci√≥n para sus familias am√©nüí¶üò≠
#Biblia #Jesus #RicardoClaurePe√±aloza #SinfoniasCelestiales #Profecias #35a√±osdeHistoria #SalvarElAlmaHastaDelUltimoHombre  @RicardoClaureP #RunBTS Spain Espa√±a Pedri y Gavi taekook #GERESP Witsel INDIGO IS COMING Lukaku Eric Garc√≠a";L;;1.287103242887889e+18;3
1596967874958352385;Sun Nov 27 20:43:06 +0000 2022;Que ponga a Eric Garc√≠a, pero a Cuco JAM√ÅS.;P;;;3
1596942337615474688;Sun Nov 27 19:01:37 +0000 2022;Lo que no entiendo de Luis Enrique es no llevar a Sergio Ramos, por llevar a Eric Garc√≠a pero terminar colocando a Rodrigo de central.;N;;;3
1596957999507001345;Sun Nov 27 20:03:51 +0000 2022;@carlosamada09 Es otra opci√≥n, pero a m√≠ es que Rodri me encanta en el mediocentro. Otra posibilidad ser√≠a meter a Azpilicueta de central en vez de a Eric Garc√≠a.;N;1.5969565584115958e+18;;3
1596958020918865920;Sun Nov 27 20:03:56 +0000 2022;@LUKlCIUS Eric Garc√≠a;L;1.5969576137445908e+18;;3
1596958031442419712;Sun Nov 27 20:03:59 +0000 2022;Ahora que no saca a Eric Garc√≠a ni loco no entiendo la decisi√≥n de llevarlo.;N;;;3
1596945135098822657;Sun Nov 27 19:12:44 +0000 2022;@Bajarlaalpasto Muy bien Eric Garc√≠a como saca el bal√≥n los alemanes no pueden con el;L;1.5968958482645115e+18;;3
1596945191453495296;Sun Nov 27 19:12:58 +0000 2022;Otro partido grande que no juega Eric Garc√≠a. Por lo que sea.;N;;;3
1596945223384707074;Sun Nov 27 19:13:05 +0000 2022;Que yo no vi el primer partido de Espa√±a y hoy si puedo verles ante Alemania y resulta que el gran Eric Garc√≠a ya no le vale al genio de Luis Enrique... Le ha costado darse cuenta de que es m√°s malo que el veneno;N;;;3
1596945224307445760;Sun Nov 27 19:13:05 +0000 2022;Qui√©n nos iba a decir que el secreto era que no jugara ni Eric Garc√≠a ni nadie del Atleti, vaya;N;;;3
1596960746566393857;Sun Nov 27 20:14:46 +0000 2022;Unai Sim√≥n es el peor jugador de la selecci√≥n despu√©s de Eric Garc√≠a y Morata;N;;;3
1596974523785543680;Sun Nov 27 21:09:31 +0000 2022;Lo que no puedes es marcar un gol y r√°pidamente meter un doble pivote dejando a Busquets muerto en el campo y con amarilla. El cambio era Busquets por Eric Garc√≠a o Azpilicueta y adelantar a Rodri al medio. Casi nos cuesta el partido, Javi.;L;;1.5969734984253071e+18;3
1596974582388633600;Sun Nov 27 21:09:45 +0000 2022;Ning√∫n minuto de Ansu Fati, Sarabia o Yeremi Pino. Sorprendido. Tampoco de Pau Torres o Eric Garc√≠a, algo menos sorprendido.;N;;;3
1596961316572626944;Sun Nov 27 20:17:02 +0000 2022;@889James @FAN07S @juanma_rguez Pero Alba, Ferran, Balde tampoco lo son. Sin contar el nuevo Beckenbauer del futbol mundial, Eric Garc√≠a.;N;1.5969605919478948e+18;;3
1596978283043639298;Sun Nov 27 21:24:27 +0000 2022;Si el partido que ha hecho Carvajal lo hace Eric Garc√≠a. Toda la prensa estar√≠a  dando la turra hasta nochevieja. Pero como es del Madrid, no pasa na.;P;;;3
1596978359220961281;Sun Nov 27 21:24:45 +0000 2022;Tendr√≠a que haber metido a Eric Garc√≠a en vez de Koke y adelantar a Rodri para tener un 4+2 en salida con Eric en el primer pase;P;;;3
1596966364706533376;Sun Nov 27 20:37:06 +0000 2022;No est√° jugando Eric Garc√≠a???ü§®;L;;;3
1596967611015008256;Sun Nov 27 20:42:03 +0000 2022;@CuentaMister No se que hace en la banca Eric Garc√≠a;P;1.5969674992829358e+18;;3
1596967611308572673;Sun Nov 27 20:42:03 +0000 2022;@CuentaMister Es culpa de Eric Garc√≠a que no est√° jugando;N;1.5969674992829358e+18;;3
1596963925228408832;Sun Nov 27 20:27:24 +0000 2022;@RadioFCB Ya te digo....le dijo a Lucho que no era partido para Ferr√°n torres y Eric Garc√≠a  y mira, fue quitar a Ferr√°n y üî•üî•üî•üî•üôåüôåüôåüòÇüòÇüòÇüòÇüòÇüòÇüòÇvaya visi√≥n Busquets te queremosüôåüôåüôåüôåüòÇüòÇüòÇüòÇüòÇüòÇüòÇüòÇüòÇ;N;1.5969474066918973e+18;;3
1596970727194099712;Sun Nov 27 20:54:26 +0000 2022;"#ESP 1Ô∏è‚É£-1Ô∏è‚É£ #GER 

‚ñ™Ô∏èBusquets y Pedri jugaron los 90'
‚ñ™Ô∏èFerran Torres, Gavi y Jordi Alba salieron el el 2¬∫ tiempo 
‚ñ™Ô∏èBalde entro en el 82'
‚ñ™Ô∏èEric Garc√≠a, Ansu Fati y Ter Stegen no tuvieron minutos 

#Qatar2022 
#FCBarcelona üîµüî¥ https://t.co/Ki6lCNEqSg";L;;;3
1596970743027290112;Sun Nov 27 20:54:30 +0000 2022;@mauriida es mejor que tener a Eric Garc√≠a;N;1.5969705106380104e+18;;3
1596964201196449793;Sun Nov 27 20:28:30 +0000 2022;@Christian_saar Aqu√≠ se apoya hasta a Eric Garc√≠a.;P;1.5969624672208404e+18;;3
1596954351385264128;Sun Nov 27 19:49:22 +0000 2022;"2-1
Eric Garc√≠a y Morata para Espa√±a
Ginter para Alemania";L;;1.5969539547554447e+18;3
1596948692627386369;Sun Nov 27 19:26:52 +0000 2022;Qu√© malo y lento es Ferran eh, para mi es la peor decisi√≥n con mucho de Luis Enrique en este mundial (junto con Eric Garc√≠a);N;;;3
1596960679415541761;Sun Nov 27 20:14:30 +0000 2022;Eric Garc√≠a on IG, porque lo que es jugando con la selecci√≥n... #WorldcupQatar2022 #Qatar2022 #QatarWorldCup2022;N;;1.5952885340504474e+18;3
1596954881612738561;Sun Nov 27 19:51:28 +0000 2022;No le va a sacar nadie de ah√≠. No s√≥lo es buena por la salida de bal√≥n. Saca una de cabeza que con Eric Garc√≠a, a saber.;L;;1.5969529176634368e+18;3
1596954913426534401;Sun Nov 27 19:51:36 +0000 2022;Que hace Eric Garc√≠a, Ferran Torres e Iniesta;N;;1.5969466076095037e+18;3
1596942726427447297;Sun Nov 27 19:03:10 +0000 2022;"@Zergio100 @ElRomanoDelFCB ¬°Vaya! De nuevo Eric Garc√≠a al banquillo, esta vez ante Alemania. Hoy van a apretar poco los germanos en ataque, por eso vuelve a apostar por Rodri en el centro de la zaga, ¬øverdad @Zergio100? 
Y resulta que soy demasiado anti-Bar√ßa. En fin...";L;1.5962274669970063e+18;;3
1596957483784105985;Sun Nov 27 20:01:48 +0000 2022;@leroymerlynes Eric Garc√≠a es peor;N;1.596931705570734e+18;;3
1596973715002372096;Sun Nov 27 21:06:18 +0000 2022;@maria_viloria Totalmente. Seguramente hubiese salido mejor que entrara Eric Garc√≠a y adelantar a Rodri.;P;1.5969708502504735e+18;;3
1596952700981477376;Sun Nov 27 19:42:48 +0000 2022;Y menos mal que no est√° jugando Eric Garc√≠a, que podr√≠a ser peor todav√≠a;N;;;3
1596951178046472193;Sun Nov 27 19:36:45 +0000 2022;"David Garc√≠a no tiene nivel para ir a un mundial por muy buen central que sea. Asumidlo.

No como Eric Garc√≠a, Pau Torres y Guillam√≥n, que ven desde el banquillo como juega Rodri.

#Espa√±a vs #Alemania";L;;;3
1596972292890066944;Sun Nov 27 21:00:39 +0000 2022;Ansu Fati, Llorente, Sarabia, Eric Garc√≠a, Hugo Guillamon y Yeremi Pino estan calentando banquillo de una forma espectacular, ni un minuto han jugado todav√≠a y quitando a Eric y Hugo los otros son buenos;N;;;3
1596969796998139905;Sun Nov 27 20:50:44 +0000 2022;"Siente el amor de D√≠os

#Biblia #Jesus #RicardoClaurePe√±aloza #SinfoniasCelestiales #Profecias #35a√±osdeHistoria #SalvarElAlmaHastaDelUltimoHombre  @RicardoClaureP #RunBTS Spain Espa√±a Pedri y Gavi taekook #GERESP Witsel INDIGO IS COMING Lukaku Eric Garc√≠a";N;;1.4212594364762235e+18;3
1596946395465850881;Sun Nov 27 19:17:45 +0000 2022;Es curioso el caso de Eric Garc√≠a de titular en el Bar√ßa y la selecci√≥n a no jugar ni un minuto en los dos;L;;;3
1596946458153914368;Sun Nov 27 19:18:00 +0000 2022;Luis Enrique se ha dado cuenta ya, cu√°nto tardar√° Xavi en darse cuenta de que Eric Garc√≠a es mal√≠simo?;N;;;3
1596958515993915393;Sun Nov 27 20:05:54 +0000 2022;@ManuelR28016648 @FAN07S @juanma_rguez Y Eric Garc√≠a es Puyol.;L;1.5969560287964447e+18;;3
1596962982407602176;Sun Nov 27 20:23:39 +0000 2022;Nos quejamos de Eric Garc√≠a pero la cruz que tiene Alemania con Sule es de estudio.;L;;;3
1596954484197859329;Sun Nov 27 19:49:53 +0000 2022;"@fifaworldcup_es Cosas que sabes que est√°n ah√≠ a√∫n cuando no deber√≠an:
1. Eric Garc√≠a
2. Muchas Gracias";N;1.5969538811286364e+18;;3
1596954528867586048;Sun Nov 27 19:50:04 +0000 2022;üëâTiene que quitar a Busquets por la amarilla y meter a Rodri en su posici√≥n y meter a Pau o Eric Garc√≠a.;L;;;3
1596968054595862528;Sun Nov 27 20:43:49 +0000 2022;Rodri siempre fue espantoso, pero que juegue √©l de central habla peor de Eric Garc√≠a y Pau Torres que s√≠ son marcadores centrales por naturaleza.;N;;;3
1596968091132362752;Sun Nov 27 20:43:57 +0000 2022;porfavor si sacan a eric garc√≠a y marca el segundo gol en el minutos 96 desde la zona taco ma√±ana voy desnudo a clase;L;;;3
1596973803485401090;Sun Nov 27 21:06:39 +0000 2022;@Ia__BeILezza Eric Garc√≠a y Ferr√°n torres;L;1.5966605403648983e+18;;3
1596973817930600449;Sun Nov 27 21:06:43 +0000 2022;Koke,ferran,eric Garc√≠a y busquets no creo que vuelvan ya a una convocatoria #Qatar2022;N;;;3
1596973877246431232;Sun Nov 27 21:06:57 +0000 2022;Sergio Ramos de vacaciones y el paquete de Eric Garc√≠a en el banquillo sin jugar ni un solo minuto por ser amigo de Luis Enrique. Primero el enchufe y luego pensar en el bien de Espa√±a. Que le den a la Selecci√≥n. Viva Brasil üáßüá∑ y viva Portugal üáµüáπ #Qatar2022 #FIFAWorldCup;N;;;3
1596952805498974208;Sun Nov 27 19:43:13 +0000 2022;@CuentaMister Al padre de Eric Garc√≠a que ha jugado menos minutos que camavinga jajajajaj;L;1.5969520554571325e+18;;3
1596950775745290240;Sun Nov 27 19:35:09 +0000 2022;@CarmeBarcelo Luis Enrrique lleva a Eric Garc√≠a pero pone a un medio de central? Ferran no es mas malo porque no puede ser peor.;N;1.5969503181130957e+18;;3
1596978632102400001;Sun Nov 27 21:25:50 +0000 2022;@jotajordi13 Qu√©???... El K√°iser Eric Garc√≠a otra vez calentando banquillo???... https://t.co/0DBmgs3YAg;L;1.59695274585634e+18;;3
1596978821101936641;Sun Nov 27 21:26:36 +0000 2022;@_noeliaRM_ Como a Eric Garc√≠a pero ese si est√° bien que lo deje en el hotel;L;1.5969784862161347e+18;;3
1596950861086793728;Sun Nov 27 19:35:29 +0000 2022;Don Pep Guardiola, no les suelta a Bernardo Silva pero les saca 65M por Ferr√°n Torres y Eric Garc√≠a;L;;;3
1596945551001800705;Sun Nov 27 19:14:23 +0000 2022;@Jorgito457 @YihiRM Obviamente no, hay mejores jugadores que nacho para llevar a la selecci√≥n, como tambi√©n hay mejores que gavi,ferran,eric Garc√≠a .;N;1.5969043612000584e+18;;3
1596970515658600451;Sun Nov 27 20:53:35 +0000 2022;Para llevarse a Eric Garc√≠a y que est√© Rodri jugando mejor llevarse a uno con oficio para estos momentos no?.... Nos falta OFICIO en seg√∫n qu√© momentos! A√∫n as√≠ buen partido de Espa√±a frente a una selecci√≥n ya seria. Nadie dijo que fuera f√°cil.;N;;;3
1596970571811926016;Sun Nov 27 20:53:49 +0000 2022;"Palabra profica anunciado la venida de Jesus am√©n
#Biblia #Jesus #RicardoClaurePe√±aloza #SinfoniasCelestiales #Profecias #35a√±osdeHistoria #SalvarElAlmaHastaDelUltimoHombre  @RicardoClaureP #RunBTS Spain Espa√±a Pedri y Gavi taekook #GERESP Witsel INDIGO  COMING Lukaku Eric Garc√≠a";L;;1.295784068873945e+18;3
1596948603976945664;Sun Nov 27 19:26:31 +0000 2022;Ahora s√≠ se entiende que Luis Enrique solo se llevase a Morata como delantero y tambi√©n a Eric Garc√≠a como cuarto central.;L;;;3
1596964841843200000;Sun Nov 27 20:31:03 +0000 2022;Si el partidito que est√° haciendo Rodri lo hace Eric Garc√≠a tiene que salir de Qatar en globo.;L;;;3
1596954078604857346;Sun Nov 27 19:48:16 +0000 2022;@MMacroski @AlbertOrtegaES1 Espa√±a tiene mejores centrales que Eric Garc√≠a o Guillamon pero no han ido.;N;1.5969323366411387e+18;;3
1596961733414772736;Sun Nov 27 20:18:42 +0000 2022;La soluci√≥n de Espa√±a es f√°cil, Asensio x Eric Garc√≠a, pasa Rodri al medio con Busquets ten√©s 4/4/2 y la salida que le est√° tapando Gundogan la tiene con Rodrigo;P;;;3
1596949050573455360;Sun Nov 27 19:28:18 +0000 2022;Eric Garc√≠a missing üòûüíî;P;1.5969489280624517e+18;;3
1596949115786899457;Sun Nov 27 19:28:33 +0000 2022;Luis Enrique es un mago, ha convertido a jugadores decentes en estrellas que dan miedo... Como va la cosa no me extra√±ar√≠a ver a Sergio Ramos en el cuerpo de Eric Garc√≠a;N;;;3
1596974888379912193;Sun Nov 27 21:10:58 +0000 2022;Esa √∫ltima jugada ha sido la t√≠pica que sentencia para todo el torneo. Me sorprender√≠a mucho que volviese a jugar de central. A confiar en Eric Garc√≠a.;P;;1.5969728557652664e+18;3
1596974960672935936;Sun Nov 27 21:11:15 +0000 2022;Este es el principal problema de no llevar, aunque sea con un nivel de veterano ya, a Sergio Ramos en lugar de a Eric Garc√≠a. No confias en Eric y tienes que inventarte un central para mejorar la salida de bal√≥n ya que Laporte no es un especialista.;N;;;3
1596954949933760515;Sun Nov 27 19:51:44 +0000 2022;@AlbertOrtegaES1 Eric Garc√≠a y √©lite en salida de bal√≥n en la misma frase? Really?;N;1.5969322097218888e+18;;3
1596954964697677826;Sun Nov 27 19:51:48 +0000 2022;En el segundo tiempo va a entrar eric Garc√≠a y @Stykiller03 se va a rapar;L;;;3
1596948871212544003;Sun Nov 27 19:27:35 +0000 2022;De momento el Mundial de Pau Torres y Eric Garc√≠a est√° siendo impecable.;P;;;3
1596974677096034307;Sun Nov 27 21:10:08 +0000 2022;Gavi 18 a√±os, Pedri 20 a√±os, Ansu Fati 20 a√±os, Eric Garc√≠a 21 a√±os, Nico Williams 20 a√±os, Ferran Torres 22 a√±os, de igual a igual en una copa del mundo contra Alemania. Nosotros estamos haciendo torneo de proyecci√≥n con Sub 23. Estamos a 300 a√±os luz, o quiz√°s 500 a√±os.;P;;;3
1596940337590996993;Sun Nov 27 18:53:40 +0000 2022;@RmVinijuniorr @DanikRM_ @SEFutbol @LUISENRIQUE21 @DFB_Team Para poner a Eric Garc√≠a,  que  ponga  a mi padre con 86 a√±os,  lo hace mejor  que  el, yo ni le hubiera  llevado  a Eric Garc√≠a,  como tampoco  a Azpilicueta, Carvajal  y Morata,  quitando  estos4 el resto  se la convocatoria,  perfecto.;N;1.5969202643776512e+18;;3
1596977614156988416;Sun Nov 27 21:21:48 +0000 2022;@Paul_Tenorio Me parece un desprop√≥sito que se pierdan tantos balones sacando la pelota jugando. A√∫n as√≠, antes que a Eric Garc√≠a, cualquiera.;N;1.5969371839609242e+18;;3
1596948499152924673;Sun Nov 27 19:26:06 +0000 2022;Hemos pasado de esto a Eric Garc√≠a y Morata üòÆ‚Äçüí® https://t.co/4nW3fEIzbm;L;;;3
1596971724452823043;Sun Nov 27 20:58:24 +0000 2022;@agustinferrin14 @889James @FAN07S @juanma_rguez Eric Garc√≠a titular cuando Araujo y Kounde estaba en plena forma, Balde es el cuarto jugador con m√°s minutos deo Barca, de que habla este rid√≠culo.;N;1.596961316572627e+18;;3
1596957871459405824;Sun Nov 27 20:03:21 +0000 2022;Eric Garc√≠a por Busquets y Rodri adelanta filas. Muy f√°cil.;P;;;3
1596965888141709315;Sun Nov 27 20:35:12 +0000 2022;@xalbeertx Porque no os gusta Eric Garc√≠a ü´£;P;1.5969651804913377e+18;;3
1596969960697655296;Sun Nov 27 20:51:23 +0000 2022;Si pierde Espa√±a es por culpa de mi m√°s ni menos que Gavi y Eric Garc√≠a;N;;;3
1596970033007439874;Sun Nov 27 20:51:40 +0000 2022;Si el partido de hoy de Carvajal lo hace Eric Garc√≠a, se tiene que ir del pais;N;;;3
1596945742605987841;Sun Nov 27 19:15:09 +0000 2022;#ESPGER que pensar√° nuevamente el corcho de eric Garc√≠a al verse en el banquillo y relegado por un medio defensivo reconvertido a central??;N;;;3
1596945752021823489;Sun Nov 27 19:15:11 +0000 2022;Primo, el comentarista de La 1 dir√≠a que es peor en lo suyo que Eric Garc√≠a defendiendo.;N;;;3
1596954588455718913;Sun Nov 27 19:50:18 +0000 2022;Habr√≠a que quitar a Ferran, aportan mas: Ansu, Yeremi, Nico, Sarabia, Balde, Robert S√°nchez, Eric Garc√≠a o incluso Koke;P;;;3
1596954596835880961;Sun Nov 27 19:50:20 +0000 2022;@GxlDeBalde_ @amin_fcb10 Ya tiene amarilla, probablemente tome su lugar rodri y salga eric garc√≠a;P;1.5969542833288028e+18;;3
1596946236149354496;Sun Nov 27 19:17:07 +0000 2022;@asenhmadridista Pero bueno, dentro de lo que cabe mantener a Busquets lo puedo comprender, es un futbolista contrastado y necesario para tantos j√≥venes en el esquema. Lo que no ten√≠a ni pies ni cabeza era la obsesi√≥n por Eric Garc√≠a;P;1.5969456970516726e+18;;3
1596970969889148929;Sun Nov 27 20:55:24 +0000 2022;@pasodetoya @FAN07S @juanma_rguez Que Eric Garc√≠a, lejos.;N;1.5969673318921052e+18;;3
1596967262438666241;Sun Nov 27 20:40:40 +0000 2022;"UNAI SIMON ES EL MEJOR UNAI SIMON UN SALCHICON 
ERIC GRACIA SE COME SOPA FR√çA ERIC GARC√çA LA COPA YA ES MIA 
LUIS ENRIQUE PONTE FIRME";L;;;3
1596959658698502145;Sun Nov 27 20:10:27 +0000 2022;saquen a don eric garc√≠a;P;;;3
1596977356992020481;Sun Nov 27 21:20:46 +0000 2022;Hoy los fallos en defensa/salida de bal√≥n de qui√©nes han sido? De Eric Garc√≠a o de Pau Torres?;P;;;3
1596977387920822274;Sun Nov 27 21:20:54 +0000 2022;#DirectoGol para Fouto...si Pau Torres no est√° para jugar,si Eric Garc√≠a no est√° para jugar....a que cojones se los ha llevado Luis Enrique?,de vacaciones?;N;;;3
1596940805146832897;Sun Nov 27 18:55:32 +0000 2022;Luis Padrique poniendo a Rodri de central antes que al in√∫til de Eric Garc√≠a;N;;;3
1596940862331637760;Sun Nov 27 18:55:45 +0000 2022;@espuma_blanca Lo de Eric Garc√≠a, no se lo cree nadie salvo los cules y Luis Enrique..;N;1.5969399299675464e+18;;3
1596949491009355777;Sun Nov 27 19:30:03 +0000 2022;@MPadremanyFont El mejor Eric Garc√≠a;P;1.5969481239384556e+18;;3
1596975243150577664;Sun Nov 27 21:12:22 +0000 2022;"Bautismo en agua 
#Biblia #Jesus #RicardoClaurePe√±aloza #SinfoniasCelestiales #Profecias #35a√±osdeHistoria #SalvarElAlmaHastaDelUltimoHombre  @RicardoClaureP #RunBTS Spain Espa√±a Pedri y Gavi taekook #GERESP Witsel INDIGO IS COMING Lukaku Eric Garc√≠a";L;;1.3409903795002941e+18;3
1596955228414574592;Sun Nov 27 19:52:51 +0000 2022;@trunksRM Vaya yo pensaba que hablabas de Carvajal o de Asensio...pero no como siempre atacando a un cul√© y como no est√° Eric Garc√≠a..y todo esto con Kross de avatar jajajaja;L;1.5969533215497298e+18;;3
1596958850510630913;Sun Nov 27 20:07:14 +0000 2022;Eric Garc√≠a;L;;1.596957289646211e+18;3
1596963119808811008;Sun Nov 27 20:24:12 +0000 2022;@InvictosSomos La clave era no alinear a Eric Garc√≠a.;P;1.596962556916093e+18;;3
1596973027660820480;Sun Nov 27 21:03:34 +0000 2022;@G2Ferchu_13 El problema no ha sido hoy tan lo blando que es el equipo como s√≠ la salida de bal√≥n de los centrales y portero. El cambio era Busquets que ten√≠a tarjeta por Eric Garc√≠a y poder a Rodri de pivote, pero supongo que pens√≥ m√°s en la altura.;P;1.596971766957871e+18;;3
1596952144040583168;Sun Nov 27 19:40:35 +0000 2022;Con Eric Garc√≠a no habr√≠a estado tan solo Rudiger;N;;;3
1596972523467706368;Sun Nov 27 21:01:34 +0000 2022;"Mensaje de mucha bendici√≥n para sus vidas am√©n.
#Biblia #Jesus #RicardoClaurePe√±aloza #SinfoniasCelestiales #Profecias #35a√±osdeHistoria #SalvarElAlmaHastaDelUltimoHombre  @RicardoClaureP #RunBTS Spain Espa√±a Pedri y Gavi taekook #GERESP Witsel INDIGO IS COMING Lukaku Eric Garc√≠a";L;;1.3409903795002941e+18;3
1596975942659756033;Sun Nov 27 21:15:09 +0000 2022;@RodrigoGomez68 @pdvn No s√©, no lo tengo claro, ya te digo que tengo que procesarlo a√∫n. En todo caso, con tal de que no est√©n ah√≠ Pau Torres y Eric Garc√≠a, como si ponen al utillero.;N;1.5969754512638976e+18;;3
1596955820532854785;Sun Nov 27 19:55:12 +0000 2022;@FAN07S @juanma_rguez Llevar a Eric Garc√≠a para poner a Rodri? Quien es el de los berrinches? Y no te nombro a Balde, Nacho le da tres vueltas.;N;1.5969550070349865e+18;;3
1596969390116741120;Sun Nov 27 20:49:07 +0000 2022;"Hermosa sinfon√≠a

#Biblia #Jesus #RicardoClaurePe√±aloza #SinfoniasCelestiales #Profecias #35a√±osdeHistoria #SalvarElAlmaHastaDelUltimoHombre  @RicardoClaureP #RunBTS Spain Espa√±a Pedri y Gavi taekook #GERESP Witsel INDIGO IS COMING Lukaku Eric Garc√≠a";L;;1.4212594364762235e+18;3
1596969152874369024;Sun Nov 27 20:48:10 +0000 2022;"Una ence√±ansa importante de la oraci√≥n am√©n .üí¶
#Biblia #Jesus #RicardoClaurePe√±aloza #SinfoniasCelestiales #Profecias #35a√±osdeHistoria #SalvarElAlmaHastaDelUltimoHombre  @RicardoClaureP #RunBTS Spain Espa√±a Pedri y Gavi taekook #GERESP Witsel INDIGO IS COMING Lukaku Eric Garc√≠a";L;;1.5969221582020035e+18;3
1596975671427076096;Sun Nov 27 21:14:05 +0000 2022;Alta troleada de Luis Enrique llev√°ndose a Eric Garc√≠a y acabar poniendo a Rodri. #respect;N;;;3
1596950134801465344;Sun Nov 27 19:32:36 +0000 2022;Esto con Eric Garc√≠a hubiera sido un show digno de un Mundial.;N;;;3
1596956577814417408;Sun Nov 27 19:58:12 +0000 2022;@16R0DRI @geennrm Eric Garc√≠a gol en el 93;P;1.5969561274342646e+18;;3
1596946617923686400;Sun Nov 27 19:18:38 +0000 2022;@CharlesGlz13_ Prefieres a Eric Garc√≠a??;P;1.5969212939072963e+18;;3
1596955328868143104;Sun Nov 27 19:53:15 +0000 2022;@intiesa @elchiringuitotv Peor que Eric Garc√≠a.;P;1.5969549688207155e+18;;3
1596955450469416960;Sun Nov 27 19:53:44 +0000 2022;Si ganamos el mundial me compro la camiseta de Ferran Torres o Eric Garc√≠a.;L;;;3
1596955468924346370;Sun Nov 27 19:53:48 +0000 2022;@AlbertOrtegaES1 Tres centrales a cada cual m√°s blando que el otro: Pau le debe medio salario a Albioll, Eric Garc√≠a es un ay permanente y a Guillam√≥n le han tenido que poner de mediocentro. En la lista deb√≠a estar otro central de perfil distinto, p.ej. I√±igo o David Garcia.;N;1.596931674176385e+18;;3
1596960304872984578;Sun Nov 27 20:13:01 +0000 2022;@soy_lagartija @FAN07S @juanma_rguez No es el punto. El tema es q seg√∫n LE, Eric Garc√≠a es el nuevo Beckenbauer, pero pone a un mediocampista de central.;N;1.5969590043409162e+18;;3
1596960412079038465;Sun Nov 27 20:13:26 +0000 2022;@joanpero8 @arkulari Entre Pau Torres y Eric Garc√≠a es susto o muerte;N;1.5969602145314406e+18;;3
1596974970248515585;Sun Nov 27 21:11:17 +0000 2022;Rodri de defensa es peor que Eric Garc√≠a y pau torres sin duda ninguna;P;;;3
1596975067711561728;Sun Nov 27 21:11:41 +0000 2022;"Luis Enrique se ha dado cuenta por fin, de que Eric Garc√≠a es mejor en el banquillo, grande Rodri de central.
El empate me sirve buenas noches y viva espa√±a.";N;;;3
1596977171293429760;Sun Nov 27 21:20:02 +0000 2022;@AnibalBurgoslo1 Jajajaja, soy madridista, y voy con Espa√±a y defender√© salvo a Luis Enrique y Eric Garc√≠a a cualquiera que se ponga ese escudo y hay que ser muy tonto para aprovechar el empate de Espa√±a con Alemania para darle palos a los Pedri y Gavi y encima compar√°ndolos con Modric;N;1.596976428381139e+18;;3
1596977238846496768;Sun Nov 27 21:20:18 +0000 2022;@CarlosL27788592 Al nivel de Eric Garc√≠a y Ferran Torres;L;1.59697304579661e+18;;3
1596965433504018432;Sun Nov 27 20:33:24 +0000 2022;#Biblia #Jesus #RicardoClaurePe√±aloza #SinfoniasCelestiales #Profecias #35a√±osdeHistoria #SalvarElAlmaHastaDelUltimoHombre  @RicardoClaureP #RunBTS Spain Espa√±a Pedri y Gavi taekook #GERESP Witsel INDIGO IS COMING Lukaku Eric Garc√≠a;L;;1.4212594364762235e+18;3
1596965461262204929;Sun Nov 27 20:33:30 +0000 2022;Hey pero Eric Garc√≠a no fue al mundial? o es que un MC es mejor defendiendo? Compitiendo duro con Camavinga eh.;L;;;3
1596955595461914625;Sun Nov 27 19:54:18 +0000 2022;ansu por asensio, azpi por carva y eric garcia por busi, asi de golpe los tres cambios;P;;;3
1596960100111245312;Sun Nov 27 20:12:12 +0000 2022;@Kevinjoel1406 @AdriRM33 Eric Garcia nos demuestra un d√≠a si y otro tambi√©n que es m√°s malo que An√≠bal Lecter, pero t√∫ sigue defendiendo a un paquete, por defender al FC PALANCAS. O a lo mejor lo haces porque no sabes lo que es un central claro. No tiene nivel ni para el Getafe.;N;1.596959117176103e+18;;3
1596949807796408326;Sun Nov 27 19:31:18 +0000 2022;Ferran Torres ha entrado en el selecto grupo de Mingueza y Eric Garcia ü§óü§óü§ó;L;;;3
1596976225444327427;Sun Nov 27 21:16:17 +0000 2022;Otro partido sin ver a Pau Torres y Eric Garcia de titulares.  https://t.co/DvsfIfZ9ki;L;;;3
1596965073989533697;Sun Nov 27 20:31:58 +0000 2022;El que esta de lateral derecho debe ser Eric Garcia porque menudo paquete.;N;;;3
1596967453837651970;Sun Nov 27 20:41:25 +0000 2022;Si hace Eric Garcia los √∫ltimos 10 minutos de Rodri lo hab√≠amos apaleado en la plaza del pueblo.;P;;;3
1596979167718871041;Sun Nov 27 21:27:58 +0000 2022;@Zarminet Claro, si la alternativa es Eric Garcia, no hay donde perderse;N;1.596977822182277e+18;;3
1596969669793312768;Sun Nov 27 20:50:14 +0000 2022;Lucho mete a Eric garcia jajajajaja;P;;;3
1596951205770854402;Sun Nov 27 19:36:52 +0000 2022;"Ves el banquillo de una seleccion que esta jugando un mundial y ves a Eric Garcia en el banquillo,miras a la @RealSociedadEUS y tiene a este hombre,que orgulloso

https://t.co/JxRzRVoatS";L;;;3
1596973227804602371;Sun Nov 27 21:04:22 +0000 2022;@f1anderpri Que quieres poner? A Eric Garcia?;L;1.5969730953736643e+18;;3
1596968517680889856;Sun Nov 27 20:45:39 +0000 2022;@SrHuevon Vamos, lo que es un partido normal de Eric Garciaü§åüèª;L;1.596967453837652e+18;;3
1596941565993574400;Sun Nov 27 18:58:33 +0000 2022;Se q nos va bn demomento pero convoca a eric garcia y no a ramos pa q juegue rodri de central;N;;;3
1596966970205011968;Sun Nov 27 20:39:30 +0000 2022;El partido de Rodri lo hace Eric Garcia y lo sacrifican a los dioses africanos;P;;;3
1596972484485844994;Sun Nov 27 21:01:25 +0000 2022;@Xavi73 Correcto. Era Busquets el cambio no Gavi, tienes a Rodri para subirlo a su puesto y jugar con Eric Garcia o Pau Torres en defensa. Mal los cambios hoy Luis Enrique;P;1.5969714260528538e+18;;3
1596971421120405504;Sun Nov 27 20:57:11 +0000 2022;@santi_rs250 faatal, pero juega eric garcia y lo hace bueno en comparacion;N;1.596970969565786e+18;;3
1596971451739176960;Sun Nov 27 20:57:19 +0000 2022;@As_TomasRoncero @Pedri Con el partidazo que a hecho Carvajal,lo hace Eric Garcia y se tiene que ir del pais,verdad caverna...üëªüí©;P;1.5969477623433953e+18;;3
1596943986706432003;Sun Nov 27 19:08:10 +0000 2022;Mucho jijiji y jajaja con Eric Garcia siendo titular en partidos pedorros de la Nations League, pero cuando te juegan un Mundial ahi s√≠ que gana la l√≥gica y no lo ponen.;N;;;3
1596944012887609345;Sun Nov 27 19:08:17 +0000 2022;Estos no marcan ni contra Eric Garcia;L;;1.5969425798407414e+18;3
1596953618850013184;Sun Nov 27 19:46:27 +0000 2022;"Yo quitaria a Laporte ;Gavi y Pedri y metia a Eric Garcia,Morata y Pau

Se quedaria una seleccion de cine jajajaja";P;;;3
1596949662149513217;Sun Nov 27 19:30:44 +0000 2022;@espuma_blanca Y no se oye nada del gran Eric Garcia.;L;1.5969381790427505e+18;;3
1596972896521375745;Sun Nov 27 21:03:03 +0000 2022;"@juanma_rguez ..lo he dicho mil veces, voy a Espa√±a aunque el DT sea Luis Enrique.
..no era el momento pa Balde, y de verdad tener a Eric Garcia sentado, para poner a Rodri,  mil defensas mejores.
..el ataque, nada que criticarle.
..a seguir!!";L;1.596954543786324e+18;;3
1596960045690138625;Sun Nov 27 20:11:59 +0000 2022;@agustinferrin14 @FAN07S @juanma_rguez No...eric garcia esta jugando por lo que sea muchos minutos;P;1.5969593435423007e+18;;3
1596973543086247936;Sun Nov 27 21:05:37 +0000 2022;@victorlozano73 Si lo hubiera hecho eric garcia estar√≠a abriendo todos los noticieros.;P;1.5969722448107643e+18;;3
1596957157010046977;Sun Nov 27 20:00:30 +0000 2022;@agustinferrin14 @FAN07S @juanma_rguez O sea que Llevar a eric garcia era para ponerlo de titular obligatoriamente no?;L;1.5969558205328548e+18;;3
1596946016464347138;Sun Nov 27 19:16:14 +0000 2022;@SantiFN_14 rodri de central es 20 veces mas que laporte o eric garcia;N;1.5969291990127124e+18;;3
1596954762347323392;Sun Nov 27 19:50:59 +0000 2022;No es malo Rudiger,quiero decir no es Eric Garcia pero no lo hace mal el chaval;P;;;3
1596978279554383873;Sun Nov 27 21:24:26 +0000 2022;@kevxnndb_23_ pa q venga mbappe cntra eric garcia üòçüòç;L;1.5969772273125417e+18;;3
1596966331957796864;Sun Nov 27 20:36:58 +0000 2022;Impresionante el partido de Eric Garcia. Con el en el banquillo, no se acerca a nuestra porteria ni Dios;N;;;3
1596966331248955396;Sun Nov 27 20:36:58 +0000 2022;eric garcia, pau torres, ansu fati y diego llorente en el banquillo https://t.co/YSKQDJBGZX;L;;;3
1596964031390437377;Sun Nov 27 20:27:49 +0000 2022;"Otro partido sin fallos de Eric Garcia.

#ESPANAALEMANIA";L;;;3
1596967544128036864;Sun Nov 27 20:41:47 +0000 2022;@Mario___RM Rodri de defensa tiene el mismo nivel que Eric garcia;L;1.5969673836963144e+18;;3
1596966242359087104;Sun Nov 27 20:36:37 +0000 2022;"Skuad  Spanyol: Kiper:Robert Sanchez, David Raya, Unai Simon
Bek:¬†Dani Carvajal, Cesar Azpilicueta, Eric Garcia, Hugo Guillamon, Pau Torres, Aymeric Laporte, Jordi Alba, Alejandro Balde";L;1.5969626301615432e+18;;3
1596965016821207040;Sun Nov 27 20:31:44 +0000 2022;Carvajal es igual de malo que Eric Garcia;N;;;3
1596977931662012417;Sun Nov 27 21:23:03 +0000 2022;@AnDxGM @RealSeasonNT1 Solo bastar√≠a cn meter al campo a eric garcia;L;1.5969696444051866e+18;;3
1596958232160763904;Sun Nov 27 20:04:47 +0000 2022;@Kevinjoel1406 @AdriRM33 Te molesta que la gente opine, no amigo, t√∫ tienes tu opini√≥n y yo la m√≠a, no solo Nacho, √ç√±igo Mart√≠nez, incluso Yaray Alvarez o Sergio Ramos, son mejores que Eric Garcia, que todos sabemos que no tiene nivel, y tu lo sabes y no lo reconoces, o no tienes ni puta idea. Una de dos;N;1.5969090015847465e+18;;3
1596958337018781696;Sun Nov 27 20:05:12 +0000 2022;Eric Garcia es jodidamente horrible defendiendo.;N;;;3
1596971987586273280;Sun Nov 27 20:59:26 +0000 2022;Otro partido sin ver a Eric Garcia, se celebra.;N;;;3
1596945566746804225;Sun Nov 27 19:14:27 +0000 2022;lo de Rodri de central es simple, Lucho quiere fluidez en el juego Busquets es el mejor pivote de la historia y Rodri su sustituto pero es buen√≠simo como para estar sentado entonces juega de central porque Eric Garcia es mal√≠simo y rodri es top.;N;;;3
1596943585768706053;Sun Nov 27 19:06:35 +0000 2022;Lo de dar por culo dos a√±os con eric garcia y ahora poner a rodri de centran en todo el mundial porque efectivamente eric garcia es cojo qu√© ha sido;N;;;3
1596954120543383552;Sun Nov 27 19:48:26 +0000 2022;@zeuhliana Y menos mal que no est√° Eric Garcia;N;1.596953742372311e+18;;3
1596949056374251521;Sun Nov 27 19:28:19 +0000 2022;@TricoArtiguista @saltapirata @ElDiegoDejo @riquicalvo Pero es 200 veces m√°s zaguero que Eric Garcia. Ahora est√° jugando con el mejor 5 que tiene de zaguero.;N;1.5969487416126546e+18;;3
1596949145713274880;Sun Nov 27 19:28:40 +0000 2022;Ferran va de camino en este partido q ser el Eric Garcia de la delantera de Espa√±a üá™üá∏;L;;;3
1596955105449848833;Sun Nov 27 19:52:21 +0000 2022;@jorgellorcaa_ pedri mete dos y eric garcia le abre la cabeza a rudiguer;P;1.59686979007701e+18;;3
1596940162000629762;Sun Nov 27 18:52:58 +0000 2022;@Liarte0 Eric Garcia incluso;L;1.5969374113970586e+18;;3
1596977550902689792;Sun Nov 27 21:21:33 +0000 2022;la defensa de espa√±a es mortal y no est√° jugando Eric garcia todav√≠a‚Ä¶;N;;;3
1596977643395481600;Sun Nov 27 21:21:55 +0000 2022;"Por lo que sea Luis Enrique prefiere jugar antes con Rodri de central (sin ser su posici√≥n) que con Eric Garcia.

Igual se ha dado cuenta de que es m√°s malo que el hambre.";N;;;3
1596954137216061440;Sun Nov 27 19:48:30 +0000 2022;Esta claro que Alemania ( en horas bajas) no es Costa Rica y tambien digo que menos mal que no esta jugando Eric Garcia;N;;;3
1596954230086303744;Sun Nov 27 19:48:53 +0000 2022;Yo sacar√≠a Busquets el problema es que ser√≠a sacarlo por Eric Garcia o Pau Torres, es c√≥mica est√° situaci√≥n;N;;;3
1596957694082322432;Sun Nov 27 20:02:38 +0000 2022;@eumd Ah√≠ est√° bastante claro, como quien tiene que romper es Rodri, o si llega a entrar, Eric Garcia;P;1.5969569451935293e+18;;3
1596970067912425472;Sun Nov 27 20:51:49 +0000 2022;@10InfoBlaugrana uy si fuese eric garcia....;L;1.5969673172752835e+18;;3
1596960908299096064;Sun Nov 27 20:15:25 +0000 2022;@Kevinjoel1406 @AdriRM33 Yo doy mi opini√≥n antes de, no soy un est√≥mago agradecido, me da igual donde y quien sea, hay 8 centrales mejores que Eric Garcia, que t√∫ sabes perfectamente que es un paquete. Lo sabemos todos, va porque no protesta y es buen chaval, üòÇüòÇüòÇ.;N;1.5969601001112453e+18;;3
1596973904215408643;Sun Nov 27 21:07:03 +0000 2022;@PMElGallinero Cualquier invento es mejor que poner a Eric Garcia;N;1.596972928746201e+18;;3
1596973912813760512;Sun Nov 27 21:07:05 +0000 2022;@ZgzForofo Ya te digo y suerte que no est√°n jugando ni Eric Garcia ni Pau Torres. Pero s√≠ que da esa sensaci√≥n que en cuanto cualquier rival supera la barrera de Busquets es para echarse a temblar. Jap√≥n es el caramelo envenenao del grupo...;N;1.5969733360889405e+18;;3
1596953104817086465;Sun Nov 27 19:44:24 +0000 2022;@LUISENRIQUE21 saca a Eric Garcia joder,que me quiero reir;L;;;3
1596950705310699521;Sun Nov 27 19:34:52 +0000 2022;Errar goles es el jugador mas burro que vi en el city, lo compite mano a mano con eric garcia;L;;;3
1596954576644546560;Sun Nov 27 19:50:15 +0000 2022;El partido de Carvajal, de momento, lo hace Eric Garcia y bueno, Twitter se incendia y Espa√±a perder√≠a a√∫n m√°s aficionados del Madrid, chaqueteros y malos aficionados, pero aficionados al fin y al cabo.‚öΩÔ∏èüòÅ;P;;;3
1596947594496061441;Sun Nov 27 19:22:31 +0000 2022;@caarliiiix Es mejor eric garcia;P;1.596947391240102e+18;;3
1596979836119298048;Sun Nov 27 21:30:38 +0000 2022;@YihiRM A ver, es que ahora no se le puede criticar sin parecer un madridista frustrado, a mi me cae bien luis enrique y me gusta como entrenador, solo no estoy de acuerdo en que se lleve a koke y no a canales o se lleve a eric garcia y no a nacho y falta otro delantero, el resto üëå.;N;1.5968706490748436e+18;;3
1596971232892944384;Sun Nov 27 20:56:26 +0000 2022;Con el partidazo que a hecho Carvajal,lo hace Eric Garcia y se tiene que ir del pais,verdad caverna...;P;;;3
1596977353879859202;Sun Nov 27 21:20:46 +0000 2022;@Sergivalentin_ As√≠ como es un ven√≠a con sus lecturas del partido, tambi√©n es un terco sin sentido cuando sabe que no lleva raz√≥n, haberse llevado a Koke y Eric Garcia es haberle quitado la opci√≥n a otros jugadores que si aportar√≠an m√°s al equipo;N;1.596976631926911e+18;;3
1596975266236362753;Sun Nov 27 21:12:28 +0000 2022;@aspasfan Mejor cualquiera que Eric Garcia;N;1.5969749715907092e+18;;3
1596955292822294528;Sun Nov 27 19:53:06 +0000 2022;"espa√±√° ganar√° por 1492 razones:
- raun es marca de de tangas
- buen nivel de un gran dani olmo
- rodri central
- eric garcia reserva (suplente)
-  neur padre de famalia con 5 hijos bastardos de una puta brasileira";L;;;3
1596972657907355648;Sun Nov 27 21:02:06 +0000 2022;"@CuentaMister Pero ha jugado Asensio?
Y que hace Williams por encima de Ansu Fati o Koke por Gavi y no por Busquets.
Se rien de Eric Garcia pero no hay central como el para sacar el balon desde atras,desastroso esos cambios hoy.";P;1.5969628619384463e+18;;3
1596975741979488256;Sun Nov 27 21:14:21 +0000 2022;@victorlozano73 El que tenia que volver para Barcelona es Eric Garcia que es mas malo que la carne del pescuezo;N;1.5969722448107643e+18;;3
1596952318737801216;Sun Nov 27 19:41:17 +0000 2022;@tjcope error claro de Eric Garcia;N;;;3
1596947791666085890;Sun Nov 27 19:23:18 +0000 2022;Un claro ejemplo de que Eric Garcia no es un buen central es que Luis Enrique prefiere poner a Rodri de central siendo contenci√≥n antes que a Eric;N;;;3
1596960311054979073;Sun Nov 27 20:13:02 +0000 2022;@agustinferrin14 @FAN07S @juanma_rguez De todas formas no me gusta eric garcia..yo no lo hubiera llevado;N;1.5969593435423007e+18;;3
1596975035537059840;Sun Nov 27 21:11:33 +0000 2022;@Odiox9 El plan B pasa por desgracia por poner a Pau o a Eric Garcia de titular, o incluso Azpilicueta, pero lo veo dificil. Asi que a apechugar con lo que toca supongo. Esperemos que sea una chispa para el resto de partidos este empate;N;1.596974572267397e+18;;3